"","PDB_ID","Molecule Name"
"1","1B5M","CYTOCHROME B5;                                             "
"2","1DKH","HEME-BINDING PROTEIN A;                                    "
"3","1N45","HEME OXYGENASE 1;                                          "
"4","1P3T","HEME OXYGENASE 1;                                          "
"5","1qjs","HEMOPEXIN;                                                 "
"6","1U9U","CYTOCHROME B5;                                             "
"7","1ZVI","NITRIC-OXIDE SYNTHASE, BRAIN;                              "
"8","2BHJ","NITRIC OXIDE SYNTHASE;                                     "
"9","2E2Y","MYOGLOBIN;                                                 "
"10","2IIZ","MELANIN BIOSYNTHESIS PROTEIN TYRA, PUTATIVE;               "
"11","2IMQ","SALIVARY NITROPHORIN;                                      "
"12","2IMQ","SALIVARY NITROPHORIN;                                      "
"13","2IPS","LACTOPEROXIDASE;                                           "
"14","2J0P","HEMIN TRANSPORT PROTEIN HEMS;                              "
"15","2J18","CHLOROPEROXIDASE;                                          "
"16","2R7A","BACTERIAL HEME BINDING PROTEIN;                            "
"17","2VEB","PROTOGLOBIN;                                               "
"18","3HX9","PROTEIN RV3592;                                            "
"19","3RTL","IRON-REGULATED SURFACE DETERMINANT PROTEIN B;              "
"20","3RTL","IRON-REGULATED SURFACE DETERMINANT PROTEIN B;              "
"21","3SIK","CONSERVED DOMAIN PROTEIN;                                  "
"22","3TGC","NITROPHORIN-4;                                             "
"23","3VP5","TRANSCRIPTIONAL REGULATOR;                                 "
"24","4CDP","PUTATIVE HEME/HEMOGLOBIN TRANSPORT PROTEIN;                "
"25","4I3Q","CYTOCHROME P450 3A4;                                       "
"26","4JET","HEMOPHORE HASA;                                            "
"27","4MF9","HEMIN DEGRADING FACTOR;                                    "
"28","4MYP","IRON-REGULATED SURFACE DETERMINANT PROTEIN A;              "
"29","4NL5","HEME-DEGRADING MONOOXYGENASE HMOB;                         "
"30","4UZV","HEMOGLOBIN;                                                "
"31","5CN5","MYOGLOBIN;                                                 "
"32","5GJ3","PERIPLASMIC BINDING PROTEIN;                               "
"33","5KZL","HEME OXYGENASE;                                            "
"34","5O1M","RUBBER OXYGENASE;                                          "
"35","6A2J","HEME A SYNTHASE;                                           "
